0.000000000000000000e+00,7.421101421909491458e-02,0.000000000000000000e+00,1.900681330099892108e+01,2.497360419512625413e+03,1.000000000000000000e+00,2.244468550134721095e-03,3.449143758721913144e+01,3.449143758721913144e+01
1.807052180434103386e-04,7.378714489166744717e-02,4.607814911234282807e-04,1.890826564612804006e+01,2.494607591175161360e+03,1.004638700574894905e+00,2.244511017916792864e-03,3.447242247311368146e+01,3.463232971905773638e+01
2.569106837100191068e-04,7.360853955831367368e-02,6.549647501852671637e-04,1.880988489181334344e+01,2.491848127133437174e+03,1.009277401149789588e+00,2.244638040866321366e-03,3.445335099040864435e+01,3.477298854850116783e+01
3.162693408284497631e-04,7.346960884753848953e-02,8.060448367996230932e-04,1.871167501313099635e+01,2.489082091521417624e+03,1.013916101724684493e+00,2.244849059945875237e-03,3.443422348906234731e+01,3.491341364594666175e+01
3.670574346742398048e-04,7.335094376773225455e-02,9.351216807411639803e-04,1.861363993644757642e+01,2.486309548389752308e+03,1.018554802299579176e+00,2.245143531274884988e-03,3.441504031895982507e+01,3.505360458821017033e+01
4.124688041859652515e-04,7.324505623414223621e-02,1.050336099329757765e-03,1.851578353939439125e+01,2.483530561702975774e+03,1.023193502874474081e+00,2.245520925820478856e-03,3.439580182989889323e+01,3.519356095851049560e+01
4.541360665169386079e-04,7.314812005260237782e-02,1.155848108322509501e-03,1.841810965085079843e+01,2.480745195336750385e+03,1.027832203449368764e+00,2.245980729096922011e-03,3.437650837157647743e+01,3.533328234645312449e+01
4.930262192130497635e-04,7.305787027047400128e-02,1.254120521292509654e-03,1.832062205093560436e+01,2.477953513075119190e+03,1.032470904024263669e+00,2.246522440873415394e-03,3.435716029357485013e+01,3.547276834801375855e+01
5.297676730754460710e-04,7.297283611827626304e-02,1.346752813026605780e-03,1.822332447100696839e+01,2.475155578607791085e+03,1.037109604599158574e+00,2.247145574889987049e-03,3.433775794534810188e+01,3.561201856552158773e+01
5.647959379163547053e-04,7.289199930375174497e-02,1.434852585558866935e-03,1.812622059367063798e+01,2.472351455527451890e+03,1.041748305174053257e+00,2.247849658581217887e-03,3.431830167620865524e+01,3.575103260764223734e+01
5.984275056339790309e-04,7.281462071987168660e-02,1.519223952683196321e-03,1.802931405279620591e+01,2.469541207327097254e+03,1.046387005748948162e+00,2.248634232807572488e-03,3.429879183531381415e+01,3.588981008936049477e+01
6.309009424615564902e-04,7.274014406389318899e-02,1.600472315036748777e-03,1.793260843354149614e+01,2.466724897397395125e+03,1.051025706323842845e+00,2.249498851594095971e-03,3.427922877165251236e+01,3.602835063196268095e+01
6.624013878376334985e-04,7.266813837617736027e-02,1.679066825801309604e-03,1.783610727238492188e+01,2.463902589024071858e+03,1.055664406898737750e+00,2.250443081876233199e-03,3.425961283403208313e+01,3.616665386301886542e+01
6.930759763475861403e-04,7.259826186888551636e-02,1.755379712338001573e-03,1.773981405716559578e+01,2.461074345385320612e+03,1.060303107473632434e+00,2.251466503252606832e-03,3.423994437106513544e+01,3.630471941636466937e+01
7.230439802162636626e-04,7.253023813755475613e-02,1.829712136488115997e-03,1.764373222713137679e+01,2.458240229549245669e+03,1.064941808048527339e+00,2.252568707744460191e-03,3.422022373115655114e+01,3.644254693208298335e+01
7.524037246145684477e-04,7.246383994197616585e-02,1.902311826344385559e-03,1.754786517299428183e+01,2.455400304471319487e+03,1.069580508623422244e+00,2.253749299561657801e-03,3.420045126249051037e+01,3.658013605648516631e+01
7.812374474085006029e-04,7.239887780833016706e-02,1.973385466873050879e-03,1.745221623699373836e+01,2.452554632991877497e+03,1.074219209198316927e+00,2.255007894874959569e-03,3.418062731301772317e+01,3.671748644209229440e+01
8.096148034394960898e-04,7.233519181052909530e-02,2.043107634447129985e-03,1.735678871296698489e+01,2.449703277833629272e+03,1.078857909773211832e+00,2.256344121594462335e-03,3.416075223044263254e+01,3.685459774761591945e+01
8.375954481130865742e-04,7.227264551100560930e-02,2.111627383866048358e-03,1.726158584642704952e+01,2.446846301599204253e+03,1.083496610348106515e+00,2.257757619153937748e-03,3.414082636221080946e+01,3.699146963793868537e+01
8.652309793852471995e-04,7.221112140635001231e-02,2.179073199469148785e-03,1.716661083464768112e+01,2.443983766768713394e+03,1.088135310923001420e+00,2.259248038300987974e-03,3.412085005549640471e+01,3.712810178409468875e+01
8.925664225122296493e-04,7.215051744537191725e-02,2.245556780428532677e-03,1.707186682675572342e+01,2.441115735697352193e+03,1.092774011497896325e+00,2.260815040892747742e-03,3.410082365718968589e+01,3.726449386324953394e+01
9.196413824563470958e-04,7.209074432665493748e-02,2.311175978664488807e-03,1.697735692383009010e+01,2.438242270613010078e+03,1.097412712072791008e+00,2.262458299697074626e-03,3.408074751388470958e+01,3.740064555868024598e+01
9.464909504533608985e-04,7.203172337271034065e-02,2.376017109948238681e-03,1.688308417900794822e+01,2.435363433613923917e+03,1.102051412647685913e+00,2.264177498198962149e-03,3.406062197186703600e+01,3.753655655975487804e+01
9.731464258552193977e-04,7.197338483738947856e-02,2.440156794015768682e-03,1.678905159759759869e+01,2.432479286666348798e+03,1.106690113222580596e+00,2.265972330412110210e-03,3.404044737710161428e+01,3.767222656191188435e+01
9.996358971965327994e-04,7.191566654347697485e-02,2.503663435748050645e-03,1.669526213719788643e+01,2.429589891602252465e+03,1.111328813797475501e+00,2.267842500695449025e-03,3.402022407522070324e+01,3.780765526663934395e+01
1.025984714598097026e-03,7.185851277514487823e-02,2.566598429297108509e-03,1.660171870782442127e+01,2.426695310117046574e+03,1.115967514372370184e+00,2.269787723574502505e-03,3.399995241151192005e+01,3.794284238145382915e+01
1.052215877315541403e-03,7.180187336942767118e-02,2.629017145861192468e-03,1.650842417204206569e+01,2.423795603767333887e+03,1.120606214947265089e+00,2.271807723567437556e-03,3.397963273090638836e+01,3.807778761987921001e+01
1.078350354318347287e-03,7.174570296476991127e-02,2.690969750710598806e-03,1.641538134510380331e+01,2.420890833968685456e+03,1.125244915522159772e+00,2.273902235015666604e-03,3.395926537796696465e+01,3.821249070142503967e+01
1.104407351498222847e-03,7.168996037475106053e-02,2.752501884137302946e-03,1.632259299509589567e+01,2.417981061993446474e+03,1.129883616097054677e+00,2.276071001918891432e-03,3.393885069687660661e+01,3.834695135156498225e+01
1.130404535962044928e-03,7.163460806246602086e-02,2.813655232985477674e-03,1.623006184308911415e+01,2.415066348968564398e+03,1.134522316671949582e+00,2.278313777774430924e-03,3.391838903142679129e+01,3.848116930171476469e+01
1.156358225530042683e-03,7.157961169651491651e-02,2.874468013468035529e-03,1.613779056329601502e+01,2.412146755873448001e+03,1.139161017246844265e+00,2.280630325420739471e-03,3.389788072500606120e+01,3.861514428921010023e+01
1.182283549806672964e-03,7.152493977366848610e-02,2.934975381503461458e-03,1.604578178323411208e+01,2.409222343537846427e+03,1.143799717821739170e+00,2.283020416884985922e-03,3.387732612058868398e+01,3.874887605728437023e+01
1.208194587860462240e-03,7.147056329639676908e-02,2.995209783413885392e-03,1.595403808389479394e+01,2.406293172639762815e+03,1.148438418396633853e+00,2.285483833234587710e-03,3.385672556072336903e+01,3.888236435504602895e+01
1.234104486529143986e-03,7.141645549584139940e-02,3.055201257224427966e-03,1.586256199991797899e+01,2.403359303703384739e+03,1.153077118971528758e+00,2.288020364432574814e-03,3.383607938752213329e+01,3.901560893745595138e+01
1.260025562577214535e-03,7.136259159266292174e-02,3.114977692791549933e-03,1.577135601977232859e+01,2.400420797097049217e+03,1.157715819546423663e+00,2.290629809196687277e-03,3.381538794264923808e+01,3.914860956530441882e+01
1.285969391317513203e-03,7.130894858963807148e-02,3.174565057418877231e-03,1.568042258594097049e+01,2.397477713031232270e+03,1.162354520121318346e+00,2.293311974862114345e-03,3.379465156731023256e+01,3.928136600518804755e+01
1.311946883824094672e-03,7.125550509101734320e-02,3.233987592384606011e-03,1.558976409511238792e+01,2.394530111556558040e+03,1.166993220696213251e+00,2.296066677247757259e-03,3.377387060224111082e+01,3.941387802948651142e+01
1.337968354480618613e-03,7.120224114455307729e-02,3.293267984826597338e-03,1.549938289837679939e+01,2.391578052561844288e+03,1.171631921271107935e+00,2.298893740525928108e-03,3.375304538769755425e+01,3.954614541633899449e+01
1.364043580302001443e-03,7.114913810282530449e-02,3.352427518651482276e-03,1.540928130142756203e+01,2.388621595772167439e+03,1.176270621846002840e+00,2.301792997095365896e-03,3.373217626344428055e+01,3.967816794962057969e+01
1.390181853221628648e-03,7.109617850106916825e-02,3.411486207507479114e-03,1.531946156476744925e+01,2.385660800746954465e+03,1.180909322420897523e+00,2.304764287457563773e-03,3.371126356874449925e+01,3.980994541891835325e+01
1.416392026337987171e-03,7.104334594917367796e-02,3.470462912354216160e-03,1.522992590392016332e+01,2.382695726878105233e+03,1.185548022995792428e+00,2.307807460096173227e-03,3.369030764234949515e+01,3.994147761950748077e+01
1.442682554952774959e-03,7.099062503589950723e-02,3.529375445751682487e-03,1.514067648964628177e+01,2.379726433388133955e+03,1.190186723570687111e+00,2.310922371359575879e-03,3.366930882248821177e+01,4.007276435232687106e+01
1.469061533101237872e-03,7.093800124367363735e-02,3.588240664653752528e-03,1.505171544816423790e+01,2.376752979328344281e+03,1.194825424145582016e+00,2.314108885346366582e-03,3.364826744685708348e+01,4.020380542395499646e+01
1.495536726166219604e-03,7.088546087257194261e-02,3.647074553215803611e-03,1.496304486137567125e+01,2.373775423577025776e+03,1.199464124720476921e+00,2.317366873793820677e-03,3.362718385260989606e+01,4.033460064658528665e+01
1.522115600079016959e-03,7.083299097231200714e-02,3.705892296897110756e-03,1.487466676709527214e+01,2.370793824837676311e+03,1.204102825295371604e+00,2.320696215969152414e-03,3.360605837634766857e+01,4.046514983800141607e+01
1.548805347534715302e-03,7.078057928125128240e-02,3.764708348950047967e-03,1.478658315928510092e+01,2.367808241637252650e+03,1.208741525870266509e+00,2.324096798563561519e-03,3.358489135410882653e+01,4.059545282155262669e+01
1.575612911588751639e-03,7.072821417153199453e-02,3.823536490229747630e-03,1.469879598829311718e+01,2.364818732324447865e+03,1.213380226445161192e+00,2.327568515588959025e-03,3.356368312135929699e+01,4.072550942612858194e+01
1.602545006948880631e-03,7.067588459963483616e-02,3.882389883126223604e-03,1.461130716109578032e+01,2.361825355067988767e+03,1.218018927020056097e+00,2.331111268277327297e-03,3.354243401298280247e+01,4.085531948613434849e+01
1.629608139233793603e-03,7.062358006170646463e-02,3.941281120309451241e-03,1.452411854154489212e+01,2.358828167854966523e+03,1.222657627594951002e+00,2.334724964982604935e-03,3.352114436327124736e+01,4.098488284146508676e+01
1.656808622432426412e-03,7.057129055311117671e-02,4.000222268884753331e-03,1.443723195061818032e+01,2.355827228489190020e+03,1.227296328169845685e+00,2.338409521085088767e-03,3.349981450591517529e+01,4.111419933748062761e+01
1.684152594767119628e-03,7.051900653173065470e-02,4.059224910476120878e-03,1.435064916667383095e+01,2.352822594589560140e+03,1.231935028744740590e+00,2.342164858898238868e-03,3.347844477399434027e+01,4.124326882497992841e+01
1.711646033137301324e-03,7.046671888459764277e-02,4.118300177687716189e-03,1.426437192570876533e+01,2.349814323588480420e+03,1.236573729319635273e+00,2.345990907577843228e-03,3.345703549996841986e+01,4.137209116017537980e+01
1.739294766297767164e-03,7.041441889750200966e-02,4.177458787336540795e-03,1.417840192162048929e+01,2.346802472730282716e+03,1.241212429894530178e+00,2.349887603033493089e-03,3.343558701566776392e+01,4.150066620466698453e+01
1.767104486906329302e-03,7.036209822725333907e-02,4.236711070799681865e-03,1.409274080647251992e+01,2.343787099069684700e+03,1.245851130469424861e+00,2.353854887842280006e-03,3.341409965228430679e+01,4.162899382541642268e+01
1.795080762559131838e-03,7.030974887632279735e-02,4.296067001777559638e-03,1.400739019076314662e+01,2.340768259470268731e+03,1.250489831044319766e+00,2.357892711164703836e-03,3.339257374036251491e+01,4.175707389472091080e+01
1.823229045917458633e-03,7.025736316962051531e-02,4.355536221738125387e-03,1.392235164369768974e+01,2.337746010602991191e+03,1.255128531619214449e+00,2.362001028662671486e-03,3.337100960979052644e+01,4.188490629018707523e+01
1.851554684017825501e-03,7.020493373319368346e-02,4.415128063275606043e-03,1.383762669346381813e+01,2.334720408944712744e+03,1.259767232194109354e+00,2.366179802419609429e-03,3.334940758979132625e+01,4.201249089470464071e+01
1.880062926846160203e-03,7.015245347465547121e-02,4.474851571590146050e-03,1.375321682750996821e+01,2.331691510776753148e+03,1.264405932769004259e+00,2.370429000862576789e-03,3.332776800891399915e+01,4.213982759641988451e+01
1.908758935247965860e-03,7.009991556517686240e-02,4.534715524271029294e-03,1.366912349282697114e+01,2.328659372183476989e+03,1.269044633343898942e+00,2.374748598686347335e-03,3.330609119502518212e+01,4.226691628870919004e+01
1.937647788237901840e-03,7.004731342289184648e-02,4.594728449545899818e-03,1.358534809623242268e+01,2.325624049050898520e+03,1.273683333918793847e+00,2.379138576779435237e-03,3.328437747530053059e+01,4.239375687015238725e+01
1.966734489765605606e-03,6.999464069758369600e-02,4.654898643139984173e-03,1.350189200465791295e+01,2.322585597065312413e+03,1.278322034493688530e+00,2.383598922151981738e-03,3.326262717621632703e+01,4.252034924450590836e+01
1.996023974988067259e-03,6.994189125653374473e-02,4.715234183874107352e-03,1.341875654543903096e+01,2.319544071711953166e+03,1.282960735068583435e+00,2.388129627865468070e-03,3.324084062354116753e+01,4.264669332067600749e+01
2.025521116093640522e-03,6.988905917142716751e-02,4.775742948116245591e-03,1.333594300660795895e+01,2.316499528273674969e+03,1.287599435643478341e+00,2.392730692964227263e-03,3.321901814232776928e+01,4.277278901269170319e+01
2.055230727718100094e-03,6.983613870622132347e-02,4.836432623189351569e-03,1.325345263718860167e+01,2.313452021829658861e+03,1.292238136218373024e+00,2.397402122408691990e-03,3.319716005690489879e+01,4.289863623967780626e+01
2.085157571988798583e-03,6.978312430589191095e-02,4.897310719827550202e-03,1.317128664749412792e+01,2.310401607254143528e+03,1.296876836793267929e+00,2.402143927010338097e-03,3.317526669086933566e+01,4.302423492582769171e+01
2.115306363229391834e-03,6.973001058598080060e-02,4.958384583763482574e-03,1.308944620942691017e+01,2.307348339215179749e+03,1.301515537368162612e+00,2.406956123368281762e-03,3.315333836707799264e+01,4.314958500037603528e+01
2.145681772354392659e-03,6.967679232287735114e-02,5.019661406521024223e-03,1.300793245678062604e+01,2.304292272173409856e+03,1.306154237943057517e+00,2.411838733807525510e-03,3.313137540764013522e+01,4.327468639757155699e+01
2.176288430979808012e-03,6.962346444477132690e-02,5.081148235480596569e-03,1.292674648554460859e+01,2.301233460380874021e+03,1.310792938517952422e+00,2.416791786318728610e-03,3.310937813390964379e+01,4.339953905664945921e+01
2.207130935273637906e-03,6.957002202322196127e-02,5.142851983277428596e-03,1.284588935421017197e+01,2.298171957879836100e+03,1.315431639092847105e+00,2.421815314499582966e-03,3.308734686647749612e+01,4.352414292180407074e+01
2.238213849567728848e-03,6.951646026529278988e-02,5.204779436587547888e-03,1.276536208407895678e+01,2.295107818501635847e+03,1.320070339667741788e+00,2.426909357497639662e-03,3.306528192516417874e+01,4.364849794216112144e+01
2.269541709750362568e-03,6.946277450620678973e-02,5.266937264350933685e-03,1.268516565957316189e+01,2.292041095865567058e+03,1.324709040242636693e+00,2.432073959954642560e-03,3.304318362901236839e+01,4.377260407175018031e+01
2.301119026457262937e-03,6.940896020248052412e-02,5.329332025476773461e-03,1.260530102854752244e+01,2.288971843377775258e+03,1.329347740817531598e+00,2.437309171952281757e-03,3.302105229627960625e+01,4.389646126947685900e+01
2.332950288077042557e-03,6.935501292549985097e-02,5.391970176071569053e-03,1.252576910260299492e+01,2.285900114230181771e+03,1.333986441392426281e+00,2.442615048959351741e-03,3.299888824443107893e+01,4.402006949909498701e+01
2.365039963585572648e-03,6.930092835550311081e-02,5.454858076227124368e-03,1.244657075740215291e+01,2.282825961399434163e+03,1.338625141967321186e+00,2.447991651780267834e-03,3.297669179013257690e+01,4.414342872917881522e+01
2.397392505222585048e-03,6.924670227594072192e-02,5.518001996402238304e-03,1.236770683298593632e+01,2.279749437645871694e+03,1.343263842542215869e+00,2.453439046504951333e-03,3.295446324924344594e+01,4.426653893309498500e+01
2.430012351022649807e-03,6.919233056818317740e-02,5.581408123428668704e-03,1.228917813409202786e+01,2.276670595512523960e+03,1.347902543117110774e+00,2.458957304459978392e-03,3.293220293680970912e+01,4.438940008897458966e+01
2.462903927211417682e-03,6.913780920655120121e-02,5.645082566169742216e-03,1.221098543047443208e+01,2.273589487324126367e+03,1.352541243692005679e+00,2.464546502161045569e-03,3.290991116705728103e+01,4.451201217968507962e+01
2.496071650477367163e-03,6.908313425364488725e-02,5.709031360857009033e-03,1.213312945722444702e+01,2.270506165186160615e+03,1.357179944266900362e+00,2.470206721266651403e-03,3.288758825338522485e+01,4.463437519280212484e+01
2.529519930128204530e-03,6.902830185595003332e-02,5.773260476128568540e-03,1.205561091509276039e+01,2.267420680983919738e+03,1.361818644841795267e+00,2.475938048533016158e-03,3.286523450835917259e+01,4.475648912058149165e+01
2.563253170140417959e-03,6.897330823970196367e-02,5.837775817790545260e-03,1.197843047081266477e+01,2.264333086381591784e+03,1.366457345416689950e+00,2.481740575770194617e-03,3.284285024370481665e+01,4.487835395993077015e+01
2.597275771109735110e-03,6.891814970698867393e-02,5.902583233321489174e-03,1.190158875742431555e+01,2.261243432821372153e+03,1.371096045991584855e+00,2.487614399799331633e-03,3.282043577030150061e+01,4.499996971238116572e+01
2.631592132109638639e-03,6.886282263207677001e-02,5.967688516137732886e-03,1.182508637459996947e+01,2.258151771522593208e+03,1.375734746566479760e+00,2.493559622411075597e-03,3.279799139817588127e+01,4.512133638405907732e+01
2.666206652464429665e-03,6.880732345794465799e-02,6.033097409636543722e-03,1.174892388897002249e+01,2.255058153480880719e+03,1.380373447141374443e+00,2.499576350325111683e-03,3.277551743649574689e+01,4.524245398565786047e+01
2.701123733443023048e-03,6.875164869300921799e-02,6.098815611032215762e-03,1.167310183444987359e+01,2.251962629467327588e+03,1.385012147716269348e+00,2.505664695150751960e-03,3.275301419356384969e+01,4.536332253240932033e+01
2.736347779878873371e-03,6.869579490803279231e-02,6.164848774999329151e-03,1.159762071256754901e+01,2.248865250027694856e+03,1.389650848291164031e+00,2.511824773348630534e-03,3.273048197681193017e+01,4.548394204405535390e+01
2.771883201721294775e-03,6.863975873319853871e-02,6.231202517136256482e-03,1.152248099279192495e+01,2.245766065481632722e+03,1.394289548866058936e+00,2.518056706193402220e-03,3.270792109279474857e+01,4.560431254481944308e+01
2.807734415522838457e-03,6.858353685534325506e-02,6.297882417260794799e-03,1.144768311286151352e+01,2.242665125921922936e+03,1.398928249440953842e+00,2.524360619737482051e-03,3.268533184718425844e+01,4.572443406337813343e+01
2.843905845867165244e-03,6.852712601533735015e-02,6.364894022549179818e-03,1.137322747911373533e+01,2.239562481213742558e+03,1.403566950015848525e+00,2.530736644775780520e-03,3.266271454476385827e+01,4.584430663283250595e+01
2.880401926741437378e-03,6.847052300560252380e-02,6.432242850528753671e-03,1.129911446681471254e+01,2.236458180993953192e+03,1.408205650590743208e+00,2.537184916811395519e-03,3.264006948942276409e+01,4.596393029067964875e+01
2.917227102857004265e-03,6.841372466775860750e-02,6.499934391933675365e-03,1.122534442048924141e+01,2.233352274670404768e+03,1.412844351165638113e+00,2.543705576022277891e-03,3.261739698415043875e+01,4.608330507878406479e+01
2.954385830921875053e-03,6.835672789039133612e-02,6.567974113432615592e-03,1.115191765425122306e+01,2.230244811421270697e+03,1.417483051740533018e+00,2.550298767228814222e-03,3.259469733103114919e+01,4.620243104334903705e+01
2.991882580868161258e-03,6.829952960693345954e-02,6.636367460236686222e-03,1.107883445213415641e+01,2.227135840194392131e+03,1.422121752315427701e+00,2.556964639862341175e-03,3.257197083123855208e+01,4.632130823488796523e+01
3.029721837037628422e-03,6.824212679365264378e-02,6.705119858594931100e-03,1.100609506842191365e+01,2.224025409706654955e+03,1.426760452890322606e+00,2.563703347934525451e-03,3.254921778503049268e+01,4.643993670819585162e+01
3.067908099327941538e-03,6.818451646773916741e-02,6.774236718184770654e-03,1.093369972797944811e+01,2.220913568443378608e+03,1.431399153465217289e+00,2.570515050007647542e-03,3.252643849174375390e+01,4.655831652232046736e+01
3.106445884302423167e-03,6.812669568548794519e-02,6.843723434403647075e-03,1.086164862658364960e+01,2.217800364657733098e+03,1.436037854040112194e+00,2.577399909165719889e-03,3.250363324978901858e+01,4.667644774053385959e+01
3.145339726265588068e-03,6.806866154056877283e-02,6.913585390568323212e-03,1.078994193125402212e+01,2.214685846370169656e+03,1.440676554615007099e+00,2.584358092986468493e-03,3.248080235664583881e+01,4.679433043030353190e+01
3.184594178306829164e-03,6.801041116238018547e-02,6.983827960027103564e-03,1.071857978058339000e+01,2.211570061367878679e+03,1.445315255189901782e+00,2.591389773514091686e-03,3.245794610885772613e+01,4.691196466326378101e+01
3.224213813314250228e-03,6.795194171448148968e-02,7.054456508190714951e-03,1.064756228506824876e+01,2.208453057204262677e+03,1.449953955764796687e+00,2.598495127232875422e-03,3.243506480202736242e+01,4.702935051518709741e+01
3.264203224960706123e-03,6.789325039309887511e-02,7.125476394486505473e-03,1.057688952743902000e+01,2.205334881198431958e+03,1.454592656339691370e+00,2.605674335041560132e-03,3.241215873081184640e+01,4.714648806595532449e+01
3.304567028663880305e-03,6.783433442570131755e-02,7.196892974240638556e-03,1.050656156298995647e+01,2.202215580434721687e+03,1.459231356914586275e+00,2.612927582228484306e-03,3.238922818891808220e+01,4.726337739953110173e+01
3.345309862522039338e-03,6.777519106964209616e-02,7.268711600492755963e-03,1.043657841990861357e+01,2.199095201762224406e+03,1.463870057489481180e+00,2.620255058447504368e-03,3.236627346909818925e+01,4.738001860392903808e+01
3.386436388227225154e-03,6.771581761086269136e-02,7.340937625746877561e-03,1.036694009960504737e+01,2.195973791794348017e+03,1.468508758064375863e+00,2.627656957694621872e-03,3.234329486314508273e+01,4.749641177118709123e+01
3.427951291957236860e-03,6.765621136265519142e-02,7.413576403662576302e-03,1.029764657704039443e+01,2.192851396908388779e+03,1.473147458639270546e+00,2.635133478285362277e-03,3.232029266188809657e+01,4.761255699733791147e+01
3.469859285247946408e-03,6.759636966448023809e-02,7.486633290689853615e-03,1.022869780105497917e+01,2.189728063245124304e+03,1.477786159214165451e+00,2.642684822832852380e-03,3.229726715518867763e+01,4.772845438238009308e+01
3.512165105847199313e-03,6.753628988083749951e-02,7.560113647650979103e-03,1.016009369469588286e+01,2.186603836708431572e+03,1.482424859789060356e+00,2.650311198226599010e-03,3.227421863193622897e+01,4.784410403024954661e+01
3.554873518551613602e-03,6.747596940018578404e-02,7.634022841272507243e-03,1.009183415554372765e+01,2.183478762964914495e+03,1.487063560363955039e+00,2.658012815611947299e-03,3.225114738004395321e+01,4.795950604879080004e+01
3.597989316027405422e-03,6.741540563391008878e-02,7.708366245670413182e-03,1.002391905603890443e+01,2.180352887443557393e+03,1.491702260938849944e+00,2.665789890370208557e-03,3.222805368644486634e+01,4.807466054972844205e+01
3.641517319616367591e-03,6.735459601533337615e-02,7.783149243790881203e-03,9.956348243807008558e+00,2.177226255335397127e+03,1.496340961513744627e+00,2.673642642099442138e-03,3.220493783708786140e+01,4.818956764863842324e+01
3.685462380128063167e-03,6.729353799877037245e-02,7.858377228809653239e-03,9.889121541983440622e+00,2.174098911593211142e+03,1.500979662088639532e+00,2.681571294595889998e-03,3.218180011693383591e+01,4.830422746491949226e+01
3.729829378619178154e-03,6.723222905862148713e-02,7.934055605492099789e-03,9.822238749537151037e+00,2.170970900931222332e+03,1.505618362663534437e+00,2.689576075836036615e-03,3.215864080995194740e+01,4.841864012176456811e+01
3.774623227161004371e-03,6.717066668850481259e-02,8.010189791516318658e-03,9.755699641593617244e+00,2.167842267824832106e+03,1.510257063238429120e+00,2.697657217959269996e-03,3.213546019911592566e+01,4.853280574613224019e+01
3.819848869595909423e-03,6.710884840042398436e-02,8.086785218761645064e-03,9.689503969756648516e+00,2.164713056510357092e+03,1.514895763813323804e+00,2.705814957251184098e-03,3.211225856640047738e+01,4.864672446871820455e+01
3.865511282283615180e-03,6.704677172397037477e-02,8.163847334564343361e-03,9.623651462429394954e+00,2.161583310984794934e+03,1.519534464388218709e+00,2.714049534127458470e-03,3.208903619277776187e+01,4.876039642392672135e+01
3.911615474838080544e-03,6.698443420555792727e-02,8.241381602942406820e-03,9.558141825134242708e+00,2.158453075005605569e+03,1.524173164963113614e+00,2.722361193118301697e-03,3.206579335821399468e+01,4.887382174984221450e+01
3.958166490855743146e-03,6.692183340768866062e-02,8.319393505791557522e-03,9.492974740831600755e+00,2.155322392090507037e+03,1.528811865538008519e+00,2.730750182853513685e-03,3.204253034166605119e+01,4.898700058820071490e+01
4.005169408635804278e-03,6.685896690824788546e-02,8.397888544053705787e-03,9.428149870237607644e+00,2.152191305517293586e+03,1.533450566112903202e+00,2.739216756048059274e-03,3.201924742107824784e+01,4.909993308436155246e+01
4.052629341893231908e-03,6.679583229982705150e-02,8.476872238859985489e-03,9.363666852140612562e+00,2.149059858323665139e+03,1.538089266687797885e+00,2.747761169488242491e-03,3.199594487337913407e+01,4.921261938727892016e+01
4.100551440465119261e-03,6.673242718907355930e-02,8.556350132649367946e-03,9.299525303716485780e+00,2.145928093307079052e+03,1.542727967262692790e+00,2.756383684018383438e-03,3.197262297447838364e+01,4.932505964947350918e+01
4.148940891011002226e-03,6.666874919606574634e-02,8.636327790264701834e-03,9.235724820842706961e+00,2.142796053024620960e+03,1.547366667837587695e+00,2.765084564528034680e-03,3.194928199926380685e+01,4.943725402700425775e+01
4.197802917707704577e-03,6.660479595371197881e-02,8.716810800027440312e-03,9.172264978411023506e+00,2.139663779792881542e+03,1.552005368412482600e+00,2.773864079939753619e-03,3.192592222159836624e+01,4.954920267944003598e+01
4.247142782939261792e-03,6.654056510717293316e-02,8.797804774792175944e-03,9.109145330638980909e+00,2.136531315687865572e+03,1.556644068987377283e+00,2.782722503197328917e-03,3.190254391431735925e+01,4.966090576983146576e+01
4.296965787982459477e-03,6.647605431330569359e-02,8.879315352982470114e-03,9.046365411379868604e+00,2.133398702544904154e+03,1.561282769562271966e+00,2.791660111254562048e-03,3.187914734922558679e+01,4.977236346468268380e+01
4.347277273688435716e-03,6.641126124012881882e-02,8.961348199608967433e-03,8.983924734431402825e+00,2.130265981958590146e+03,1.565921470137166871e+00,2.800677185064515476e-03,3.185573279709468864e+01,4.988357593392327516e+01
4.398082621160884220e-03,6.634618356630739289e-02,9.043909007270981709e-03,8.921822793842931532e+00,2.127133195282729503e+03,1.570560170712061776e+00,2.809774009569253068e-03,3.183230052766047891e+01,4.999454335088009316e+01
4.449387252431237331e-03,6.628081898065719957e-02,9.127003497142502364e-03,8.860059064221125880e+00,2.124000383630305805e+03,1.575198871286956459e+00,2.818950873690055821e-03,3.180885080962045208e+01,5.010526589224932792e+01
4.501196631131400457e-03,6.621516518166689624e-02,9.210637419943936213e-03,8.798633001034215084e+00,2.120867587873466164e+03,1.579837571861851364e+00,2.828208070318104228e-03,3.178538391063124635e+01,5.021574373806842573e+01
4.553516263164208815e-03,6.614921987703782646e-02,9.294816556900009630e-03,8.737544040914594135e+00,2.117734848643515761e+03,1.584476272436746047e+00,2.837545896305639428e-03,3.176190009730629882e+01,5.032597707168820733e+01
4.606351697372312523e-03,6.608298078324038871e-02,9.379546720685196307e-03,8.676791601959942923e+00,2.114602206330932859e+03,1.589114973011640952e+00,2.846964652457533319e-03,3.173839963521348650e+01,5.043596607974495782e+01
4.659708526205608853e-03,6.601644562508610092e-02,9.464833756357458189e-03,8.616375084032704024e+00,2.111469701085400175e+03,1.593753673586535857e+00,2.856464643523356963e-03,3.171488278887292012e+01,5.054571095213261600e+01
4.713592386387742937e-03,6.594961213531513877e-02,9.550683542280854685e-03,8.556293869057844503e+00,2.108337372815845811e+03,1.598392374161430540e+00,2.866046178189844956e-03,3.169134982175472715e+01,5.065521188197496372e+01
4.768008959581973571e-03,6.588247805419819580e-02,9.637101991038161605e-03,8.496547321319082968e+00,2.105205261190506917e+03,1.603031074736325223e+00,2.875709569073805170e-03,3.166780099627699485e+01,5.076446906559797867e+01
4.822963973056741509e-03,6.581504112915237403e-02,9.724095050333990756e-03,8.437134787753324261e+00,2.102073405637001997e+03,1.607669775311220128e+00,2.885455132715454389e-03,3.164423657380373811e+01,5.087348270250215165e+01
4.878463200351301071e-03,6.574729911437035557e-02,9.811668703889272342e-03,8.378055598243371094e+00,2.098941845342420493e+03,1.612308475886115033e+00,2.895283189572155948e-03,3.162065681464292766e+01,5.098225299533483224e+01
4.934512461941705647e-03,6.567924977046228630e-02,9.899828972327771523e-03,8.319309065908969458e+00,2.095810619253430559e+03,1.616947176461009938e+00,2.905194064012570684e-03,3.159706197804464978e+01,5.109078014986283023e+01
4.991117625907431563e-03,6.561089086410992754e-02,9.988581914055227190e-03,8.260894487395903596e+00,2.092679766076391388e+03,1.621585877035904621e+00,2.915188084311227251e-03,3.157345232219925890e+01,5.119906437494480400e+01
5.048284608599021110e-03,6.554222016773249282e-02,1.007793362613184154e-02,8.202811143163513563e+00,2.089549324277493270e+03,1.626224577610799304e+00,2.925265582643451958e-03,3.154982810423568296e+01,5.130710588250399695e+01
5.106019375306913854e-03,6.547323545916365617e-02,1.016789024513868427e-02,8.145058297770148670e+00,2.086419332082899473e+03,1.630863278185694210e+00,2.935426895080722742e-03,3.152618958021973583e+01,5.141490488750083188e+01
5.164327940931818378e-03,6.540393452133945462e-02,1.025845794803849007e-02,8.087635200156976012e+00,2.083289827478911775e+03,1.635501978760589115e+00,2.945672361586371395e-03,3.150253700515252220e+01,5.152246160790563323e+01
5.223216370656903751e-03,6.533431514199636303e-02,1.034964295303165624e-02,8.030541083929790602e+00,2.080160848212143719e+03,1.640140679335483798e+00,2.956002326011688240e-03,3.147887063296894539e+01,5.162977626467149861e+01
5.282690780622019758e-03,6.526437511337926378e-02,1.044145152040779762e-02,7.973775167638916805e+00,2.077032431789708426e+03,1.644779379910378703e+00,2.966417136092401943e-03,3.145519071653621168e+01,5.173684908170712760e+01
5.342757338600226912e-03,6.519411223195915872e-02,1.053388995339324570e-02,7.917336655057312989e+00,2.073904615479423228e+03,1.649418080485273386e+00,2.976917143445471578e-03,3.143149750765246964e+01,5.184368028584979271e+01
5.403422264676903397e-03,6.512352429815965182e-02,1.062696459899543054e-02,7.861224735456599610e+00,2.070777436310024314e+03,1.654056781060168291e+00,2.987502703566311934e-03,3.140779125704549557e+01,5.195027010683836721e+01
5.464691831931618900e-03,6.505260911609248020e-02,1.072068184884411232e-02,7.805438583881217696e+00,2.067650931071395462e+03,1.658695481635063196e+00,2.998174175826312862e-03,3.138407221437142525e+01,5.205661877728641684e+01
5.526572367123073690e-03,6.498136449330130238e-02,1.081504814003030925e-02,7.749977361420601341e+00,2.064525136314812244e+03,1.663334182209957879e+00,3.008931923470731587e-03,3.136034062821358148e+01,5.216272653265535553e+01
5.589070251377283374e-03,6.490978824051364671e-02,1.091006995594315590e-02,7.694840215479300305e+00,2.061400088353194405e+03,1.667972882784852562e+00,3.019776313616921552e-03,3.133659674608136569e+01,5.226859361122776448e+01
5.652191920879266925e-03,6.483787817140057586e-02,1.100575382710525067e-02,7.640026280045170815e+00,2.058275823261374171e+03,1.672611583359747467e+00,3.030707717252903444e-03,3.131284081440918499e+01,5.237422025408066872e+01
5.715943867568402774e-03,6.476563210234394241e-02,1.110210633200673334e-02,7.585534675955495132e+00,2.055152376876379549e+03,1.677250283934642372e+00,3.041726509236248460e-03,3.128907307855549647e+01,5.247960670505898406e+01
5.780332639837794731e-03,6.469304785221061116e-02,1.119913409793884922e-02,7.531364511161035225e+00,2.052029784797722186e+03,1.681888984509537277e+00,3.052833068293329347e-03,3.126529378280184801e+01,5.258475321074894993e+01
5.845364843237670256e-03,6.462012324213387005e-02,1.129684380182688352e-02,7.477514880988119117e+00,2.048908082387707054e+03,1.686527685084431960e+00,3.064027777018835108e-03,3.124150317035206115e+01,5.268966002045180375e+01
5.911047141183214428e-03,6.454685609530126655e-02,1.139524217106335779e-02,7.423984868398524561e+00,2.045787304771745539e+03,1.691166385659326643e+00,3.075311021875663017e-03,3.121770148333140682e+01,5.279432738615737719e+01
5.977386255666892502e-03,6.447324423674904992e-02,1.149433598434143264e-02,7.370773544247430920e+00,2.042667486838689683e+03,1.695805086234221548e+00,3.086683193195062166e-03,3.119388896278589485e+01,5.289875556251786293e+01
6.044388967975588070e-03,6.439928549316248363e-02,1.159413207248934270e-02,7.317879967539107078e+00,2.039548663241167105e+03,1.700443786809116453e+00,3.098144685177156056e-03,3.117006584868159180e+01,5.300294480682164533e+01
6.112062119412610579e-03,6.432497769268248622e-02,1.169463731930558276e-02,7.265303185680640041e+00,2.036430868395938205e+03,1.705082487384011358e+00,3.109695895891700663e-03,3.114623237990402060e+01,5.310689537896718093e+01
6.180412612024929579e-03,6.425031866471762887e-02,1.179585866239588228e-02,7.213042234733462621e+00,2.033314136484259279e+03,1.709721187958906041e+00,3.121337227279176018e-03,3.112238879425762050e+01,5.321060754143708493e+01
6.249447409335715485e-03,6.417530623976189230e-02,1.189780309401174477e-02,7.161096139662731730e+00,2.030198501452254959e+03,1.714359888533800724e+00,3.133069085152177021e-03,3.109853532846524971e+01,5.331408155927214665e+01
6.319173537082414978e-03,6.409993824921760008e-02,1.200047766189120402e-02,7.109463914584653210e+00,2.027083997011309975e+03,1.718998589108695629e+00,3.144891879197078341e-03,3.107467221816776970e+01,5.341731770004557944e+01
6.389598083960557062e-03,6.402421252522350059e-02,1.210388947010197953e-02,7.058144563011564010e+00,2.023970656638462287e+03,1.723637289683590534e+00,3.156806022975994653e-03,3.105079969792368999e+01,5.352031623383724224e+01
6.460728202373461522e-03,6.394812690048784498e-02,1.220804567988732423e-02,7.007137078094904048e+00,2.020858513576814175e+03,1.728275990258485217e+00,3.168811933929022336e-03,3.102691800120884125e+01,5.362307743320803155e+01
6.532571109188061408e-03,6.387167920812616972e-02,1.231295351051495991e-02,6.956440442866012930e+00,2.017747600835950834e+03,1.732914690833379900e+00,3.180910033376755687e-03,3.100302736041613727e+01,5.372560157317435170e+01
6.605134086497042520e-03,6.379486728150361718e-02,1.241862024012940421e-02,6.906053630474741745e+00,2.014637951192369883e+03,1.737553391408274805e+00,3.193100746523096743e-03,3.097912800685538670e+01,5.382788893118264895e+01
6.678424482387345859e-03,6.371768895408176647e-02,1.252505320660780158e-02,6.855975604425881720e+00,2.011529597189921105e+03,1.742192091983169711e+00,3.205384502458309259e-03,3.095522017075317578e+01,5.392993978708408775e+01
6.752449711715435496e-03,6.364014205926984968e-02,1.263225980841966092e-02,6.806205318813459471e+00,2.008422571140259834e+03,1.746830792558064616e+00,3.217761734162353279e-03,3.093130408125276531e+01,5.403175442310926968e+01
6.827217256889363955e-03,6.356222443027981228e-02,1.274024750549096821e-02,6.756741718552717657e+00,2.005316905123303741e+03,1.751469493132959299e+00,3.230232878508493798e-03,3.090737996641408003e+01,5.413333312384305174e+01
6.902734668657815528e-03,6.348393389998559233e-02,1.284902382007257170e-02,6.707583739610043949e+00,2.002212630987706689e+03,1.756108193707853982e+00,3.242798376267154881e-03,3.088344805321376185e+01,5.423467617619955661e+01
6.979009566906436285e-03,6.340526830078611897e-02,1.295859633761346601e-02,6.658730309230561417e+00,1.999109780351336440e+03,1.760746894282748887e+00,3.255458672110055247e-03,3.085950856754523741e+01,5.433578386939715443e+01
7.056049641461427380e-03,6.332622546447225220e-02,1.306897270763884497e-02,6.610180346163644138e+00,1.996008384601767830e+03,1.765385594857643792e+00,3.268214214614543339e-03,3.083556173421887792e+01,5.443665649493359382e+01
7.133862652900803229e-03,6.324680322209695615e-02,1.318016064463375762e-02,6.561932760886101335e+00,1.992908474896780490e+03,1.770024295432538697e+00,3.281065456268259396e-03,3.081160777696221231e+01,5.453729434656126784e+01
7.212456433373344925e-03,6.316699940384924716e-02,1.329216792893205511e-02,6.513986455823227217e+00,1.989810082164869073e+03,1.774662996007433380e+00,3.294012853473984870e-03,3.078764691842014400e+01,5.463769772026251559e+01
7.291838887425460512e-03,6.308681183893136146e-02,1.340500240761120787e-02,6.466340325567587755e+00,1.986713237105759163e+03,1.779301696582328063e+00,3.307056866554776344e-03,3.076367938015527770e+01,5.473786691422506578e+01
7.372017992836195008e-03,6.300623835543925355e-02,1.351867199539315972e-02,6.418993257095655380e+00,1.983617970190939332e+03,1.783940397157222968e+00,3.320197959759304575e-03,3.073970538264830665e+01,5.483780222881764388e+01
7.453001801460483813e-03,6.292527678024611992e-02,1.363318467555151188e-02,6.371944129982134442e+00,1.980524311664192510e+03,1.788579097732117873e+00,3.333436601267469358e-03,3.071572514529835729e+01,5.493750396656545831e+01
7.534798440080868118e-03,6.284392493888910081e-02,1.374854850082517059e-02,6.325191816612165674e+00,1.977432291542146004e+03,1.793217798307012556e+00,3.346773263196212156e-03,3.069173888642351855e+01,5.503697243212610601e+01
7.617416111267949833e-03,6.276218065545870195e-02,1.386477159433900826e-02,6.278735182391214309e+00,1.974341939614821285e+03,1.797856498881907461e+00,3.360208421605617116e-03,3.066774682326130019e+01,5.513620793226530026e+01
7.700863094249514942e-03,6.268004175249140830e-02,1.398186215053119630e-02,6.232573085952828329e+00,1.971253285446198788e+03,1.802495199456802144e+00,3.373742556505168657e-03,3.064374917196924031e+01,5.523521077583291117e+01
7.785147745788856960e-03,6.259750605086465691e-02,1.409982843608825059e-02,6.186704379364122985e+00,1.968166358374788842e+03,1.807133900031697049e+00,3.387376151860310020e-03,3.061974614762547731e+01,5.533398127373896358e+01
7.870278501072153904e-03,6.251457136969471029e-02,1.421867879088732287e-02,6.141127908329052865e+00,1.965081187514209432e+03,1.811772600606591954e+00,3.401109695599174865e-03,3.059573796422942493e+01,5.543251973892978413e+01
7.956263874605323805e-03,6.243123552623714573e-02,1.433842162894631740e-02,6.095842512389503476e+00,1.961997801753774638e+03,1.816411301181486637e+00,3.414943679619565197e-03,3.057172483470250413e+01,5.553082648636434726e+01
8.043112461120405579e-03,6.234749633578962058e-02,1.445906543938214016e-02,6.050847025124141965e+00,1.958916229759089902e+03,1.821050001756381320e+00,3.428878599796151335e-03,3.054770697088887488e+01,5.562890183299060709e+01
8.130832936491748028e-03,6.226335161159731596e-02,1.458061878737705597e-02,6.006140274345042052e+00,1.955836499972654110e+03,1.825688702331276225e+00,3.442914955987867037e-03,3.052368458355623204e+01,5.572674609772195709e+01
8.219434058662097170e-03,6.217879916476044821e-02,1.470309031515370547e-02,5.961721082292152474e+00,1.952758640614471233e+03,1.830327402906171130e+00,3.457053252045562668e-03,3.049965788239668996e+01,5.582435960141386744e+01
8.308924668578892420e-03,6.209383680414437556e-02,1.482648874295866386e-02,5.917588265825497018e+00,1.949682679682668095e+03,1.834966103481066035e+00,3.471293995819813624e-03,3.047562707602764576e+01,5.592174266684052242e+01
8.399313691140841004e-03,6.200846233629157822e-02,1.495082287005517971e-02,5.873740636615250921e+00,1.946608644954121019e+03,1.839604804055960718e+00,3.485637699168999803e-03,3.045159237199275282e+01,5.601889561867171352e+01
8.490610136155041232e-03,6.192267356533605327e-02,1.507610157572493968e-02,5.830177001329530206e+00,1.943536563985087469e+03,1.844243504630855401e+00,3.500084877967542078e-03,3.042755397676287288e+01,5.611581878344968288e+01
8.582823099304892275e-03,6.183646829291956915e-02,1.520233382027947472e-02,5.786896161820084039e+00,1.940466464111848154e+03,1.848882205205750306e+00,3.514636052114378153e-03,3.040351209573716318e+01,5.621251248956622959e+01
8.675961763128826887e-03,6.174984431811002955e-02,1.532952864608112288e-02,5.743896915305717776e+00,1.937398372451352088e+03,1.853520905780645212e+00,3.529291745541634443e-03,3.037946693324408187e+01,5.630897706723973073e+01
8.770035398010241762e-03,6.166279943732182883e-02,1.545769517857394602e-02,5.701178054553603936e+00,1.934332315901873926e+03,1.858159606355539895e+00,3.544052486223482276e-03,3.035541869254258884e+01,5.640521284849253192e+01
8.865053363178776458e-03,6.157533144423789351e-02,1.558684262732497675e-02,5.658738368058361168e+00,1.931268321143671528e+03,1.862798306930434800e+00,3.558918806185236514e-03,3.033136757582324350e+01,5.650122016712822415e+01
8.961025107723024144e-03,6.148743812973385403e-02,1.571698028707561173e-02,5.616576640218993610e+00,1.928206414639654668e+03,1.867437007505329483e+00,3.573891241512592524e-03,3.030731378420944466e+01,5.659699935870910537e+01
9.057960171615111328e-03,6.139911728180371536e-02,1.584811753880395122e-02,5.574691651513683510e+00,1.925146622636061466e+03,1.872075708080224388e+00,3.588970332361118582e-03,3.028325751775867758e+01,5.669255076053385523e+01
9.155868186747104925e-03,6.131036668548744961e-02,1.598026385079781564e-02,5.533082178672382945e+00,1.922088971163135511e+03,1.876714408655119293e+00,3.604156622965895302e-03,3.025919897546379289e+01,5.678787471161512457e+01
9.254758877979687298e-03,6.122118412280013605e-02,1.611342877973908835e-02,5.491746994847297003e+00,1.919033486035815258e+03,1.881353109230013976e+00,3.619450661651382739e-03,3.023513835525435312e+01,5.688297155265743044e+01
9.354642064203104457e-03,6.113156737266280116e-02,1.624762197179933920e-02,5.450684869781193598e+00,1.915980192854424558e+03,1.885991809804908659e+00,3.634853000841450129e-03,3.021107585399798623e+01,5.697784162603503688e+01
9.455527659410805502e-03,6.104151421083479911e-02,1.638285316374717485e-02,5.409894569973617173e+00,1.912929117005374565e+03,1.890630510379803564e+00,3.650364197069617695e-03,3.018701166750181741e+01,5.707248527577004893e+01
9.557425673785792386e-03,6.095102240984775349e-02,1.651913218406741296e-02,5.369374858844926379e+00,1.909880283661864496e+03,1.895269210954698469e+00,3.665984810989467591e-03,3.016294599051389014e+01,5.716690284751044970e+01
9.660346214800068568e-03,6.086008973894104640e-02,1.665646895409240991e-02,5.329124496898285379e+00,1.906833717784597866e+03,1.899907911529593374e+00,3.681715407385242628e-03,3.013887901672470448e+01,5.726109468850852124e+01
9.764299488327314938e-03,6.076871396399852188e-02,1.679487348914591657e-02,5.289142241879474682e+00,1.903789444122493705e+03,1.904546612104488057e+00,3.697556555182644495e-03,3.011481093876871284e+01,5.735506114759913032e+01
9.869295799769079239e-03,6.067689284748691708e-02,1.693435589969941035e-02,5.249426848934620971e+00,1.900747487213409840e+03,1.909185312679382740e+00,3.713508827459797209e-03,3.009074194822586534e+01,5.744880257517822031e+01
9.975345555194609082e-03,6.058462414839545229e-02,1.707492639254142019e-02,5.209977070765876128e+00,1.897707871384870714e+03,1.913824013254277645e+00,3.729572801458386211e-03,3.006667223562327251e+01,5.754231932318149489e+01
1.008245926249474664e-02,6.049190562217681560e-02,1.721659527196007025e-02,5.170791657784975293e+00,1.894670620754799529e+03,1.918462713829172550e+00,3.745749058594997384e-03,3.004260199043679336e+01,5.763561174506307339e+01
1.019064753254985897e-02,6.039873502068941052e-02,1.735937294093894967e-02,5.131869358264751213e+00,1.891635759232257215e+03,1.923101414404067455e+00,3.762038184472615236e-03,3.001853140109276552e+01,5.772868019577440890e+01
1.029992108041236087e-02,6.030511009214088725e-02,1.750326990236682201e-02,5.093208918488523196e+00,1.888603310518180933e+03,1.927740114978962138e+00,3.778440768892307126e-03,2.999446065496964309e+01,5.782152503174313551e+01
1.041029072650377987e-02,6.021102858103290906e-02,1.764829676026116387e-02,5.054809082897540051e+00,1.885573298106136917e+03,1.932378815553856821e+00,3.794957405865072297e-03,2.997038993839983334e+01,5.791414661085229909e+01
1.052176739782681100e-02,6.011648822810707060e-02,1.779446422100604275e-02,5.016668594236285195e+00,1.882545745283068754e+03,1.937017516128751726e+00,3.811588693623872183e-03,2.994631943667140916e+01,5.800654529241941049e+01
1.063436212919248794e-02,6.002148677029198187e-02,1.794178309460444168e-02,4.978786193695812656e+00,1.879520675130057043e+03,1.941656216703646631e+00,3.828335234635833750e-03,2.992224933402997422e+01,5.809872143717584692e+01
1.074808606446280360e-02,5.992602194065156651e-02,1.809026429594535329e-02,4.941160621055041169e+00,1.876498110523080413e+03,1.946294917278541314e+00,3.845197635614594663e-03,2.989817981368049971e+01,5.819067540724623910e+01
1.086295045780907506e-02,5.983009146833422054e-02,1.823991884608612210e-02,4.903790614820024096e+00,1.873478074133780865e+03,1.950933617853435997e+00,3.862176507532876987e-03,2.987411105778919307e+01,5.828240756612800766e+01
1.097896667498612748e-02,5.973369307852337273e-02,1.839075787354983033e-02,4.866674912361260930e+00,1.870460588430234793e+03,1.955572318428330902e+00,3.879272465635158918e-03,2.985004324748545201e+01,5.837391827867106997e+01
1.109614619462282598e-02,5.963682449238875971e-02,1.854279261563862580e-02,4.829812250048981959e+00,1.867445675677728104e+03,1.960211019003225807e+00,3.896486129450568107e-03,2.982597656286378296e+01,5.846520791105754711e+01
1.121450060952895733e-02,5.953948342703894309e-02,1.869603441976272831e-02,4.793201363386516256e+00,1.864433357939536108e+03,1.964849719578120713e+00,3.913818122805899462e-03,2.980191118298581898e+01,5.855627683078174783e+01
1.133404162801898880e-02,5.944166759547470091e-02,1.885049474478581871e-02,4.756840987141610633e+00,1.861423657077703183e+03,1.969488420153015396e+00,3.931269073838826802e-03,2.977784728588229513e+01,5.864712540663008156e+01
1.145478107525280467e-02,5.934337470654341140e-02,1.900618516238685926e-02,4.720729855475900294e+00,1.858416594753834033e+03,1.974127120727910079e+00,3.948839615011250255e-03,2.975378504855514450e+01,5.873775400866130525e+01
1.157673089459381605e-02,5.924460246489429704e-02,1.916311735843883798e-02,4.684866702072348232e+00,1.855412192429879951e+03,1.978765821302804984e+00,3.966530383122842708e-03,2.972972464697951978e+01,5.882816300818667088e+01
1.169990314898458617e-02,5.914534857093472348e-02,1.932130313440445085e-02,4.649250260260841650e+00,1.852410471368937351e+03,1.983404521877699889e+00,3.984342019324707725e-03,2.970566625610594258e+01,5.891835277775032864e+01
1.182431002234047429e-02,5.904561072078731709e-02,1.948075440874935671e-02,4.613879263141823728e+00,1.849411452636044032e+03,1.988043222452594794e+00,4.002275169133226104e-03,2.968161004986244222e+01,5.900832369110985098e+01
1.194996382096139009e-02,5.894538660624783211e-02,1.964148321837317496e-02,4.578752443708025588e+00,1.846415157098979535e+03,1.992681923027489477e+00,4.020330482444068113e-03,2.965755620115669444e+01,5.909807612321677084e+01
1.207687697496221541e-02,5.884467391474400288e-02,1.980350172005857640e-02,4.543868534964335737e+00,1.843421605429070951e+03,1.997320623602384160e+00,4.038508613546346222e-03,2.963350488187822762e+01,5.918761045019731881e+01
1.220506203972175976e-02,5.874347032929522205e-02,1.996682219193855051e-02,4.509226270045802565e+00,1.840430818102003286e+03,2.001959324177279065e+00,4.056810221136915307e-03,2.960945626290066457e+01,5.927692704933331669e+01
1.233453169735115526e-02,5.864177352847290553e-02,2.013145703498268532e-02,4.474824382333719264e+00,1.837442815398626635e+03,2.006598024752173970e+00,4.075235968334854110e-03,2.958541051408393940e+01,5.936602629904303541e+01
1.246529875818148253e-02,5.853958118636175961e-02,2.029741877450226203e-02,4.440661605569960813e+00,1.834457617405775409e+03,2.011236725327068875e+00,4.093786522696073356e-03,2.956136780427663879e+01,5.945490857886239411e+01
1.259737616227131138e-02,5.843689097252166564e-02,2.046472006167493127e-02,4.406736673969367857e+00,1.831475244017082332e+03,2.015875425901963780e+00,4.112462556228106865e-03,2.953732830131823661e+01,5.954357426942603126e+01
1.273077698093419419e-02,5.833370055195052223e-02,2.063337367508886674e-02,4.373048322330403082e+00,1.828495714933800627e+03,2.020514126476858241e+00,4.131264745405011964e-03,2.951329217204146715e+01,5.963202375244866005e+01
1.286551441828684764e-02,5.823000758504750379e-02,2.080339252230737485e-02,4.339595286143944186e+00,1.825519049665625289e+03,2.025152827051753146e+00,4.150193771182482394e-03,2.948925958227467703e+01,5.972025741070656579e+01
1.300160181281771049e-02,5.812580972757740855e-02,2.097478964145340144e-02,4.306376301700359122e+00,1.822545267531524132e+03,2.029791527626647607e+00,4.169250319013030615e-03,2.946523069684423035e+01,5.980827562801903952e+01
1.313905263897714726e-02,5.802110463063528401e-02,2.114757820281546602e-02,4.273390106194678850e+00,1.819574387660559296e+03,2.034430228201542512e+00,4.188435078861403420e-03,2.944120567957687840e+01,5.989607878923013828e+01
1.327788050878863507e-02,5.791588994061206558e-02,2.132177151047416272e-02,4.240635437830118093e+00,1.816606428992723067e+03,2.039068928776437417e+00,4.207748745220086031e-03,2.941718469330223229e+01,5.998366728019039584e+01
1.341809917348213421e-02,5.781016329916070784e-02,2.149738300395056395e-02,4.208111035919794851e+00,1.813641410279770071e+03,2.043707629351332322e+00,4.227192017124973590e-03,2.939316789985519662e+01,6.007104148773874641e+01
1.355972252514947921e-02,5.770392234316298885e-02,2.167442625987634625e-02,4.175815640986729527e+00,1.810679350086054228e+03,2.048346329926227227e+00,4.246765598171187497e-03,2.936915546007848832e+01,6.015820179968459058e+01
1.370276459842251562e-02,5.759716470469680716e-02,2.185291499368642240e-02,4.143747994862085449e+00,1.807720266789364814e+03,2.052985030501122132e+00,4.266470196529067831e-03,2.934514753382510222e+01,6.024514860478985412e+01
1.384723957217398604e-02,5.748988801100440860e-02,2.203286306133389952e-02,4.111906840781741401e+00,1.804764178581767283e+03,2.057623731076017037e+00,4.286306524960242087e-03,2.932114427996086903e+01,6.033188229275129544e+01
1.399316177124187294e-02,5.738208988446096698e-02,2.221428446102832396e-02,4.080290923481172172e+00,1.801811103470447961e+03,2.062262431650911498e+00,4.306275300833892553e-03,2.929714585636701329e+01,6.041840325418286284e+01
1.414054566817761135e-02,5.727376794254359499e-02,2.239719333499761572e-02,4.048898989288590045e+00,1.798861059278553967e+03,2.066901132225806403e+00,4.326377246143182399e-03,2.927315241994270423e+01,6.050471188059817962e+01
1.428940588501810549e-02,5.716491979780147226e-02,2.258160397127329660e-02,4.017729786216508003e+00,1.795914063646044042e+03,2.071539832800701308e+00,4.346613087521744231e-03,2.924916412660769183e+01,6.059080856439317131e+01
1.443975719508261424e-02,5.705554305782584157e-02,2.276753080550066380e-02,3.986782064051558105e+00,1.792970134030532336e+03,2.076178533375595769e+00,4.366983556260410626e-03,2.922518113130487549e+01,6.067669369882869290e+01
1.459161452479446758e-02,5.694563532522111532e-02,2.295498842277328075e-02,3.956054574442767535e+00,1.790029287708141737e+03,2.080817233950490674e+00,4.387489388324003654e-03,2.920120358800300409e+01,6.076236767801355398e+01
1.474499295552803360e-02,5.683519419757613461e-02,2.314399155949271869e-02,3.925546070988127134e+00,1.787091541774352208e+03,2.085455934525385580e+00,4.408131324368321294e-03,2.917723164969929428e+01,6.084783089688730229e+01
1.489990772548179659e-02,5.672421726743627490e-02,2.333455510525395474e-02,3.895255309319613168e+00,1.784156913144856162e+03,2.090094635100280485e+00,4.428910109757220985e-03,2.915326546842213418e+01,6.093308375120336962e+01
1.505637423157739699e-02,5.661270212227564186e-02,2.352669410475681858e-02,3.865181047186581953e+00,1.781225418556409977e+03,2.094733335675175390e+00,4.449826494579888804e-03,2.912930519523377981e+01,6.101812663751227461e+01
1.521440803138550402e-02,5.650064634447014844e-02,2.372042375974382084e-02,3.835322044537604835e+00,1.778297074567692789e+03,2.099372036250070295e+00,4.470881233668202309e-03,2.910535098023306233e+01,6.110295995314486106e+01
1.537402484507880904e-02,5.638804751127098752e-02,2.391575943096496681e-02,3.805677063600734655e+00,1.775371897560161415e+03,2.104010736824965200e+00,4.492075086614246045e-03,2.908140297255817686e+01,6.118758409619586303e+01
1.553524055741270504e-02,5.627490319477825714e-02,2.411271664017024599e-02,3.776244868962209011e+00,1.772449903738908915e+03,2.108649437399859661e+00,4.513408817788006587e-03,2.905746132038937546e+01,6.127199946550724263e+01
1.569807121973387093e-02,5.616121096191560580e-02,2.431131107212956485e-02,3.747024227643641847e+00,1.769531109133524069e+03,2.113288137974754566e+00,4.534883196355120501e-03,2.903352617095180932e+01,6.135620646065205364e+01
1.586253305201762442e-02,5.604696837440480833e-02,2.451155857668153512e-02,3.718013909177693144e+00,1.766615529598952435e+03,2.117926838549649027e+00,4.556498996294839135e-03,2.900959767051827853e+01,6.144020548191804210e+01
1.602864244493417203e-02,5.593217298874109816e-02,2.471347517081085368e-02,3.689212685682206505e+00,1.763703180816356280e+03,2.122565539124543932e+00,4.578256996418085360e-03,2.898567596441207073e+01,6.152399693029164496e+01
1.619641596194447419e-02,5.581682235616888810e-02,2.491707704075515201e-02,3.660619331932899900e+00,1.760794078293978828e+03,2.127204239699438837e+00,4.600157980385647348e-03,2.896176119700979257e+01,6.160758120744192468e+01
1.636587034142623562e-02,5.570091402265770625e-02,2.512238054414193955e-02,3.632232625434548723e+00,1.757888237368005548e+03,2.131842940274333742e+00,4.622202736726541486e-03,2.893785351174420484e+01,6.169095871570471701e+01
1.653702249883032271e-02,5.558444552887886747e-02,2.532940221215566542e-02,3.604051346490724672e+00,1.754985673203429769e+03,2.136481640849228647e+00,4.644392058856455091e-03,2.891395305110711078e+01,6.177412985806687828e+01
1.670988952886847193e-02,5.546741441018226276e-02,2.553815875173608141e-02,3.576074278272074469e+00,1.752086400794915107e+03,2.141120341424123552e+00,4.666726745096380809e-03,2.889005995665220539e+01,6.185709503815056820e+01
1.688448870773240351e-02,5.534981819657380092e-02,2.574866704780777102e-02,3.548300206883197472e+00,1.749190434967663123e+03,2.145759041999018457e+00,4.689207598691323871e-03,2.886617436899800637e+01,6.193985466019778130e+01
1.706083749534541630e-02,5.523165441269296816e-02,2.596094416554214912e-02,3.520727921428074669e+00,1.746297790378277796e+03,2.150397742573912918e+00,4.711835427829204510e-03,2.884229642783074965e+01,6.202240912905487846e+01
1.723895353764650848e-02,5.511292057779098447e-02,2.617500735265178638e-02,3.493356214074108124e+00,1.743408481515630456e+03,2.155036443148807823e+00,4.734611045659846244e-03,2.881842627190731321e+01,6.210475885015729602e+01
1.741885466890793002e-02,5.499361420570920284e-02,2.639087404171810633e-02,3.466183880114790838e+00,1.740522522701728803e+03,2.159675143723702728e+00,4.757535270314120282e-03,2.879456403905817297e+01,6.218690422951431884e+01
1.760055891408652054e-02,5.487373280485801502e-02,2.660856185255271525e-02,3.439209718030994622e+00,1.737639928092583204e+03,2.164313844298597189e+00,4.780608924923195752e-03,2.877070986619036219e+01,6.226884567369403811e+01
1.778408449120978674e-02,5.475327387819590302e-02,2.682808859459344386e-02,3.412432529550874616e+00,1.734760711679072529e+03,2.168952544873492094e+00,4.803832837637966001e-03,2.874686388929042735e+01,6.235058358980836601e+01
1.796944981379678882e-02,5.463223492320899710e-02,2.704947226933506962e-02,3.385851119708484624e+00,1.731884887287812489e+03,2.173591245448386999e+00,4.827207841648561634e-03,2.872302624342743016e+01,6.243211838549813564e+01
1.815667349331490793e-02,5.451061343189098768e-02,2.727273107279580555e-02,3.359464296901019331e+00,1.729012468582023303e+03,2.178229946023281904e+00,4.850734775204009266e-03,2.869919706275592830e+01,6.251345046891837853e+01
1.834577434167293519e-02,5.438840689072325929e-02,2.749788339802009679e-02,3.333270872944769980e+00,1.726143469062397116e+03,2.182868646598176809e+00,4.874414481632023850e-03,2.867537648051900234e+01,6.259458024872370174e+01
1.853677137375110695e-02,5.426561278065546168e-02,2.772494783761822457e-02,3.307269663129777104e+00,1.723277902067965670e+03,2.187507347173071715e+00,4.898247809358926771e-03,2.865156462905129331e+01,6.267550813405380694e+01
1.872968380996882509e-02,5.414222857708626130e-02,2.795394318634360914e-02,3.281459486273188286e+00,1.720415780776967267e+03,2.192146047747966620e+00,4.922235611929704456e-03,2.862776163978200472e+01,6.275623453451896694e+01
1.892453107889063152e-02,5.401825174984457856e-02,2.818488844370820728e-02,3.255839164771364480e+00,1.717557118207714893e+03,2.196784748322861081e+00,4.946378748028171929e-03,2.860396764323798990e+01,6.283675986018582904e+01
1.912133281987120001e-02,5.389367976317104014e-02,2.841780281663692023e-02,3.230407524650715789e+00,1.714701927219462505e+03,2.201423448897755986e+00,4.970678081497282089e-03,2.858018276904676824e+01,6.291708452156315445e+01
1.932010888573995264e-02,5.376851007569975055e-02,2.865270572216156372e-02,3.205163395617312894e+00,1.711850220513272461e+03,2.206062149472650447e+00,4.995134481359561618e-03,2.855640714593965512e+01,6.299720892958779217e+01
1.952087934552611606e-02,5.364274014044031341e-02,2.888961679015525363e-02,3.180105611105265240e+00,1.709002010632882957e+03,2.210700850047545352e+00,5.019748821837668323e-03,2.853264090175480661e+01,6.307713349561070970e+01
1.972366448722488730e-02,5.351636740476016507e-02,2.912855586610783865e-02,3.155233008323873989e+00,1.706157309965571358e+03,2.215339550622440257e+00,5.044521982375093326e-03,2.850888416344029963e+01,6.315685863138303802e+01
1.992848482060529530e-02,5.338938931036735225e-02,2.936954301394292810e-02,3.130544428303638327e+00,1.703316130743024587e+03,2.219978251197335162e+00,5.069454847656951722e-03,2.848513705705730814e+01,6.323638474904248596e+01
2.013536108006082001e-02,5.326180329329335827e-02,2.961259851887773631e-02,3.106038715941009887e+00,1.700478485042201328e+03,2.224616951772230067e+00,5.094548307630933706e-03,2.846139970778314421e+01,6.331571226109957706e+01
2.034431422750334825e-02,5.313360678387616526e-02,2.985774289032626025e-02,3.081714720042016520e+00,1.697644384786194905e+03,2.229255652347124972e+00,5.119803257528398807e-03,2.843767223991440929e+01,6.339484158042412076e+01
2.055536545530117082e-02,5.300479720674391992e-02,3.010499686484630066e-02,3.057571293364749199e+00,1.694813841745102536e+03,2.233894352922019877e+00,5.145220597885542119e-03,2.841395477687014193e+01,6.347377312023186136e+01
2.076853618926185335e-02,5.287537198079860640e-02,3.035438140913148883e-02,3.033607292660681853e+00,1.691986867536885484e+03,2.238533053496914338e+00,5.170801234564708845e-03,2.839024744119496901e+01,6.355250729407113397e+01
2.098384809166117457e-02,5.274532851919986470e-02,3.060591772304937716e-02,3.009821578714851675e+00,1.689163473628231486e+03,2.243171754071809243e+00,5.196546078775878853e-03,2.836655035456221441e+01,6.363104451580962717e+01
2.120132306431820463e-02,5.261466422934941295e-02,3.085962724272552082e-02,2.986213016384971830e+00,1.686343671335417866e+03,2.247810454646703704e+00,5.222456047098207599e-03,2.834286363777710704e+01,6.370938519962128765e+01
2.142098325171814047e-02,5.248337651287547645e-02,3.111553164367539953e-02,2.962780474639417960e+00,1.683527471825173734e+03,2.252449155221598609e+00,5.248532061501722315e-03,2.831918741077993928e+01,6.378752975997340258e+01
2.164285104418324848e-02,5.235146276561744583e-02,3.137365284398447446e-02,2.939522826594123117e+00,1.680714886115537183e+03,2.257087855796493514e+00,5.274775049369166517e-03,2.829552179264923595e+01,6.386547861161361794e+01
2.186694908109308375e-02,5.221892037761084737e-02,3.163401300753745232e-02,2.916438949548425530e+00,1.677905925076718177e+03,2.261726556371388419e+00,5.301185943517928642e-03,2.827186690160495885e+01,6.394323216955721989e+01
2.209330025415464499e-02,5.208574673307265340e-02,3.189663454729748521e-02,2.893527725019845231e+00,1.675100599431954379e+03,2.266365256946283324e+00,5.327765682222116404e-03,2.824822285501167940e+01,6.402079084907441597e+01
2.232192771072370047e-02,5.195193921038653712e-02,3.216154012863663147e-02,2.870788038777819740e+00,1.672298919758370175e+03,2.271003957521178229e+00,5.354515209234758655e-03,2.822458976938180442e+01,6.409815506567784382e+01
2.255285485717791957e-02,5.181749518208864785e-02,3.242875267271802531e-02,2.848218780876396128e+00,1.669500896487829550e+03,2.275642658096073134e+00,5.381435473810124333e-03,2.820096776037876296e+01,6.417532523510999454e+01
2.278610536234282335e-02,5.168241201485340719e-02,3.269829535993099001e-02,2.825818845685959424e+00,1.666706539907797833e+03,2.280281358670967595e+00,5.408527430726155910e-03,2.817735694282024284e+01,6.425230177333097004e+01
2.302170316097184796e-02,5.154668706947961726e-02,3.297019163338018449e-02,2.803587131923876985e+00,1.663915860162188665e+03,2.284920059245862500e+00,5.435792040307051154e-03,2.815375743068139158e+01,6.432908509650616224e+01
2.325967245728103108e-02,5.141031770087679809e-02,3.324446520242944209e-02,2.781522542684225385e+00,1.661128867252220061e+03,2.289558759820757405e+00,5.463230268445947238e-03,2.813016933709806722e+01,6.440567562099414545e+01
2.350003772853956341e-02,5.127330125805171918e-02,3.352114004630149524e-02,2.759623985466502560e+00,1.658345571037266382e+03,2.294197460395651866e+00,5.490843086627714142e-03,2.810659277437005699e+01,6.448207376333456864e+01
2.374282372871770741e-02,5.113563508409491032e-02,3.380024041773515425e-02,2.737890372203392264e+00,1.655565981235707341e+03,2.298836160970546771e+00,5.518631471951946678e-03,2.808302785396433165e+01,6.455827994023630367e+01
2.398805549219205219e-02,5.099731651616785238e-02,3.408179084669971798e-02,2.716320619287563520e+00,1.652790107425776114e+03,2.303474861545441676e+00,5.546596407155967787e-03,2.805947468651826782e+01,6.463429456856549393e+01
2.423575833751024158e-02,5.085834288548994608e-02,3.436581614416901742e-02,2.694913647597562800e+00,1.650017959046409032e+03,2.308113562120336582e+00,5.574738880638031337e-03,2.803593338184292350e+01,6.471011806533392985e+01
2.448595787121598394e-02,5.071871151732583460e-02,3.465234140595574441e-02,2.673668382522739861e+00,1.647249545398088912e+03,2.312752262695231487e+00,5.603059886480642009e-03,2.801240404892628533e+01,6.478575084768732495e+01
2.473867999173503390e-02,5.057841973097289279e-02,3.494139201660679400e-02,2.652583753987304505e+00,1.644484875643691339e+03,2.317390963270126392e+00,5.631560424473962788e-03,2.798888679593651929e+01,6.486119333289384770e+01
2.499395089332397124e-02,5.043746483974899386e-02,3.523299365336141076e-02,2.631658696473459624e+00,1.641723958809327087e+03,2.322029663845021297e+00,5.660241500139375978e-03,2.796538173022525342e+01,6.493644593833263912e+01
2.525179707008240113e-02,5.029584415098026923e-02,3.552717229017290229e-02,2.610892149043656740e+00,1.638966803785182947e+03,2.326668364419915758e+00,5.689104124753155238e-03,2.794188895833084629e+01,6.501150908148252938e+01
2.551224532003030024e-02,5.015355496598919438e-02,3.582395420179547429e-02,2.590283055361965125e+00,1.636213419326361418e+03,2.331307064994810663e+00,5.718149315370263386e-03,2.791840858598162711e+01,6.508638317991075439e+01
2.577532274925113318e-02,5.001059458008295239e-02,3.612336596793686017e-02,2.569830363714617150e+00,1.633463814053719943e+03,2.335945765569705124e+00,5.747378094848249949e-03,2.789494071809922104e+01,6.516106865126182868e+01
2.604105677610269245e-02,4.986696028254158919e-02,3.642543447747889629e-02,2.549533027029657006e+00,1.630717996454705599e+03,2.340584466144600029e+00,5.776791491871325658e-03,2.787148545880179995e+01,6.523556591324658882e+01
2.630947513549627623e-02,4.972264935660675178e-02,3.673018693276632052e-02,2.529390002895792744e+00,1.627975974884191601e+03,2.345223166719494934e+00,5.806390540974491581e-03,2.784804291140736510e+01,6.530987538363116585e+01
2.658060588324604248e-02,4.957765907947050965e-02,3.703765085396585471e-02,2.509400253580398310e+00,1.625237757565307675e+03,2.349861867294389839e+00,5.836176282567831324e-03,2.782461317843705473e+01,6.538399748022618496e+01
2.685447740048963958e-02,4.943198672226403745e-02,3.734785408349675095e-02,2.489562746046730890e+00,1.622503352590274517e+03,2.354500567869284744e+00,5.866149762960913387e-03,2.780119636161841612e+01,6.545793262087605058e+01
2.713111839818152515e-02,4.928562955004688051e-02,3.766082479053395327e-02,2.469876451970311138e+00,1.619772767921229388e+03,2.359139268444179649e+00,5.896312034387327962e-03,2.777779256188869539e+01,6.553168122344827395e+01
2.741055792166037855e-02,4.913858482179612325e-02,3.797659147558547776e-02,2.450340347754553783e+00,1.617046011391055345e+03,2.363777969019074554e+00,5.926664155029317399e-03,2.775440187939814507e+01,6.560524370582292875e+01
2.769282535529199105e-02,4.899084979039571019e-02,3.829518297514542674e-02,2.430953414545608648e+00,1.614323090704207289e+03,2.368416669593969015e+00,5.957207189042555001e-03,2.773102441351331038e+01,6.567862048588224866e+01
2.797795042718941722e-02,4.884242170262614868e-02,3.861662846642418406e-02,2.411714638246417852e+00,1.611604013437533013e+03,2.373055370168863920e+00,5.987942206581024426e-03,2.770766026282033323e+01,6.575181198150022510e+01
2.826596321401126516e-02,4.869329779915408662e-02,3.894095747215699233e-02,2.392623009530062905e+00,1.608888787041097657e+03,2.377694070743758825e+00,6.018870283822044809e-03,2.768430952512825627e+01,6.582481861053241801e+01
2.855689414584029057e-02,4.854347531452211928e-02,3.926819986549288238e-02,2.373677523852330662e+00,1.606177418839001348e+03,2.382332771318653286e+00,6.049992502991389555e-03,2.766097229747230912e+01,6.589764079080569559e+01
2.885077401114359216e-02,4.839295147713897766e-02,3.959838587496516960e-02,2.354877181463569169e+00,1.603469916030195918e+03,2.386971471893548191e+00,6.081309952388541315e-03,2.763764867611722664e+01,6.597027894010831517e+01
2.914763396181593164e-02,4.824172350926941855e-02,3.993154608954539025e-02,2.336220987419821871e+00,1.600766285689301185e+03,2.391610172468443096e+00,6.112823726412076192e-03,2.761433875656053516e+01,6.604273347617974821e+01
2.944750551830790930e-02,4.808978862702466966e-02,4.026771146378201049e-02,2.317707951593269478e+00,1.598066534767419853e+03,2.396248873043338001e+00,6.144534925585143359e-03,2.759104263353589204e+01,6.611500481670107376e+01
2.975042057484077879e-02,4.793714404035285398e-02,4.060691332302591300e-02,2.299337088681946639e+00,1.595370670092945147e+03,2.400887573618232906e+00,6.176444656581088662e-03,2.756776040101634706e+01,6.618709337928494563e+01
3.005641140470945161e-02,4.778378695302945567e-02,4.094918336874425746e-02,2.281107418218803140e+00,1.592678698372372082e+03,2.405526274193127811e+00,6.208554032249185770e-03,2.754449215221768554e+01,6.625899958146605684e+01
3.036551066567550611e-02,4.762971456264808445e-02,4.129455368392433851e-02,2.263017964580075425e+00,1.589990626191103729e+03,2.410164974768022716e+00,6.240864171640502639e-03,2.752123797960170037e+01,6.633072384069147631e+01
3.067775140545209861e-02,4.747492406061119136e-02,4.164305673856958517e-02,2.245067756992993324e+00,1.587306460014253844e+03,2.414803675342917177e+00,6.273376200033885935e-03,2.749799797487952446e+01,6.640226657431117019e+01
3.099316706728223042e-02,4.731941263212117998e-02,4.199472539528886772e-02,2.227255829542861498e+00,1.584626206187452453e+03,2.419442375917812083e+00,6.306091248962029591e-03,2.747477222901493477e+01,6.647362819956862268e+01
3.131179149561284097e-02,4.716317745617144841e-02,4.234959291498185258e-02,2.209581221179467647e+00,1.581949870937643027e+03,2.424081076492706543e+00,6.339010456237715099e-03,2.745156083222764209e+01,6.654480913359140004e+01
3.163365894186637856e-02,4.700621570553743800e-02,4.270769296262198755e-02,2.192042975722866327e+00,1.579277460373879421e+03,2.428719777067601449e+00,6.372134965980174107e-03,2.742836387399660580e+01,6.661580979338208408e+01
3.195880407031121556e-02,4.684852454676820266e-02,4.306905961313831771e-02,2.174640141868571241e+00,1.576608980488124871e+03,2.433358477642496354e+00,6.405465928641503916e-03,2.740518144306334136e+01,6.668663059580900665e+01
3.228726196403419041e-02,4.669010114017774910e-02,4.343372735739966378e-02,2.157371773192106268e+00,1.573944437156041204e+03,2.437997178217391259e+00,6.439004501033280745e-03,2.738201362743521727e+01,6.675727195759721155e+01
3.261906813101620589e-02,4.653094263983655748e-02,4.380173110830195421e-02,2.140236928152960516e+00,1.571283836137779645e+03,2.442635878792286164e+00,6.472751846353253652e-03,2.735886051438875199e+01,6.682773429531954434e+01
3.295425851031337505e-02,4.637104619356342827e-02,4.417310620696118795e-02,2.123234670097981169e+00,1.568627183078771168e+03,2.447274579367181069e+00,6.506709134212168566e-03,2.733572219047293927e+01,6.689801802538778475e+01
3.329286947834615012e-02,4.621040894291719020e-02,4.454788842901457463e-02,2.106364067264155260e+00,1.565974483510510026e+03,2.451913279942075974e+00,6.540877540660714612e-03,2.731259874151252731e+01,6.696812356404379329e+01
3.363493785529794722e-02,4.604902802318863730e-02,4.492611399103130232e-02,2.089624192780843881e+00,1.563325742851337054e+03,2.456551980516970435e+00,6.575258248216578859e-03,2.728949025261131567e+01,6.703805132735088534e+01
3.398050091162670844e-02,4.588690056339252143e-02,4.530781955703632596e-02,2.073014124671442193e+00,1.560680966407220694e+03,2.461190681091865340e+00,6.609852445891661529e-03,2.726639680815545219e+01,6.710780173118517666e+01
3.432959637468983860e-02,4.572402368625991254e-02,4.569304224514767615e-02,2.056532945854511407e+00,1.558040159372535300e+03,2.465829381666759801e+00,6.644661329219337179e-03,2.724331849181674059e+01,6.717737519122707113e+01
3.468226243548709620e-02,4.556039450823019810e-02,4.608181963433194417e-02,2.040179744144350771e+00,1.555403326830836249e+03,2.470468082241654706e+00,6.679686100281924041e-03,2.722025538655593380e+01,6.724677212295290474e+01
3.503853775552197986e-02,4.539601013944360303e-02,4.647418977127833195e-02,2.023953612251044643e+00,1.552770473755632565e+03,2.475106782816549611e+00,6.714927967738209755e-03,2.719720757462599181e+01,6.731599294162643332e+01
3.539846147378528096e-02,4.523086768373359157e-02,4.687019117739504165e-02,2.007853647780003303e+00,1.550141605011158617e+03,2.479745483391444516e+00,6.750388146851125405e-03,2.717417513757540348e+01,6.738503806229068971e+01
3.576207321386268290e-02,4.506496423861958145e-02,4.726986285592982978e-02,1.991878953230974636e+00,1.547516725353140373e+03,2.484384183966339421e+00,6.786067859515538397e-03,2.715115815625146212e+01,6.745390789975981249e+01
3.612941309116941835e-02,4.489829689529944295e-02,4.767324429921784151e-02,1.976028635996563754e+00,1.544895839429561875e+03,2.489022884541234326e+00,6.821968334286163289e-03,2.712815671080354463e+01,6.752260286861088900e+01
3.650052172031414272e-02,4.473086273864238654e-02,4.808037549605877897e-02,1.960301808360263465e+00,1.542278951781426940e+03,2.493661585116129231e+00,6.858090806405583648e-03,2.710517088068638358e+01,6.759112338317595459e+01
3.687544022259549303e-02,4.456265884718182968e-02,4.849129693922689388e-02,1.944697587493986690e+00,1.539666066843518820e+03,2.498300285691023692e+00,6.894436517832425691e-03,2.708220074466336058e+01,6.765946985753413401e+01
3.725421023363330308e-02,4.439368229310837466e-02,4.890604963311582370e-02,1.929215095455149909e+00,1.537057188945158487e+03,2.502938986265918597e+00,6.931006717269615203e-03,2.705924638080976052e+01,6.772764270550371180e+01
3.763687391113779146e-02,4.422393014226290442e-02,4.932467510152156037e-02,1.913853459183266548e+00,1.534452322310958380e+03,2.507577686840813502e+00,6.967802660192775818e-03,2.703630786651606144e+01,6.779564234063442996e+01
3.802347394281963000e-02,4.405339945412975466e-02,4.974721539556647976e-02,1.898611810496099839e+00,1.531851471061574330e+03,2.512216387415707963e+00,7.004825608878745280e-03,2.701338527849117455e+01,6.786346917619977148e+01
3.841405355444389713e-02,4.388208728182989987e-02,5.017371310176741567e-02,1.883489286085354708e+00,1.529254639214453618e+03,2.516855087990602868e+00,7.042076832434225261e-03,2.699047869276573053e+01,6.793112362518938596e+01
3.880865651803055288e-02,4.370999067211436828e-02,5.060421135025044287e-02,1.868485027511952445e+00,1.526661830684583265e+03,2.521493788565497773e+00,7.079557606824526603e-03,2.696758818469532670e+01,6.799860610030157204e+01
3.920732716020518954e-02,4.353710666535787199e-02,5.103875382311600511e-02,1.853598181200852624e+00,1.524073049285232401e+03,2.526132489140392678e+00,7.117269214902439446e-03,2.694471382896378486e+01,6.806591701393584515e+01
3.961011037070308327e-02,4.336343229555193052e-02,5.147738476295778132e-02,1.838827898435462238e+00,1.521488298728692598e+03,2.530771189715287584e+00,7.155212946437275977e-03,2.692185569958640201e+01,6.813305677818557626e+01
4.001705161102933617e-02,4.318896459029887558e-02,5.192014898153753111e-02,1.824173335351630509e+00,1.518907582627016154e+03,2.535409890290182489e+00,7.193390098143944388e-03,2.689901386991317978e+01,6.820002580483067334e+01
4.042819692327935532e-02,4.301370057080543957e-02,5.236709186862061050e-02,1.809633652931246228e+00,1.516330904492751415e+03,2.540048590865077394e+00,7.231801973712217134e-03,2.687618841263210356e+01,6.826682450533049007e+01
4.084359293912245836e-02,4.283763725187653831e-02,5.281825940097481520e-02,1.795208016995426314e+00,1.513758267739675830e+03,2.544687291439971855e+00,7.270449883836098068e-03,2.685337939977235067e+01,6.833345329081663522e+01
4.126328688895253283e-02,4.266077164190912319e-02,5.327369815153641663e-02,1.780895598197312912e+00,1.511189675683523319e+03,2.549325992014866760e+00,7.309335146243320543e-03,2.683058690270751612e+01,6.839991257208592401e+01
4.168732661120888583e-02,4.248310074288613736e-02,5.373345529874663795e-02,1.766695572014504556e+00,1.508625131542712097e+03,2.553964692589761221e+00,7.348459085724932255e-03,2.680781099215887053e+01,6.846620275959345747e+01
4.211576056187173178e-02,4.230462155037071487e-02,5.419757863606284448e-02,1.752607118741108971e+00,1.506064638439069540e+03,2.558603393164656126e+00,7.387823034165038813e-03,2.678505173819856111e+01,6.853232426344571593e+01
4.254863782413548928e-02,4.212533105350022011e-02,5.466611658164786947e-02,1.738629423479415959e+00,1.503508199398550914e+03,2.563242093739551031e+00,7.427428330570653124e-03,2.676230921025283749e+01,6.859827749339375202e+01
4.298600811826432805e-02,4.194522623498039143e-02,5.513911818824176331e-02,1.724761676131233212e+00,1.500955817351958331e+03,2.567880794314445936e+00,7.467276321101685294e-03,2.673958347710526340e+01,6.866406285882649740e+01
4.342792181163342841e-02,4.176430407107961651e-02,5.561663315321947049e-02,1.711003071388855989e+00,1.498407495135655608e+03,2.572519494889340841e+00,7.507368359101031403e-03,2.671687460689991767e+01,6.872968076876402677e+01
4.387442992896058158e-02,4.158256153162347840e-02,5.609871182883892360e-02,1.697352808725708595e+00,1.495863235492281319e+03,2.577158195464235746e+00,7.547705805124782855e-03,2.669418266714461652e+01,6.879513163185110614e+01
4.432558416273188473e-02,4.139999557998905871e-02,5.658540523268363459e-02,1.683810092386631041e+00,1.493323041071455691e+03,2.581796896039130651e+00,7.588290026972580558e-03,2.667150772471407905e+01,6.886041585635049955e+01
4.478143688382639487e-02,4.121660317309937260e-02,5.707676505830439062e-02,1.670374131377866389e+00,1.490786914430490015e+03,2.586435596614025112e+00,7.629122399718080150e-03,2.664884984585315308e+01,6.892553385013677314e+01
4.524204115234372464e-02,4.103238126141819236e-02,5.757284368606399583e-02,1.657044139456690601e+00,1.488254858035086500e+03,2.591074297188920017e+00,7.670204305739531693e-03,2.662620909617997356e+01,6.899048602068975811e+01
4.570745072863926367e-02,4.084732678894436447e-02,5.807369419419008277e-02,1.643819335120763947e+00,1.485726874260041541e+03,2.595712997763814922e+00,7.711537134750512043e-03,2.660358554068915282e+01,6.905527277508832640e+01
4.617772008457145250e-02,4.066143669320708420e-02,5.857937037003989322e-02,1.630698941597158669e+00,1.483202965389942165e+03,2.600351698338709383e+00,7.753122283830701442e-03,2.658097924375496390e+01,6.911989452000420897e+01
4.665290441496697943e-02,4.047470790526002532e-02,5.908992672158359938e-02,1.617682186831076230e+00,1.480683133619857927e+03,2.604990398913604288e+00,7.794961157456913384e-03,2.655839026913447753e+01,6.918435166169581407e+01
4.713305964930693953e-02,4.028713734967664939e-02,5.960541848910847623e-02,1.604768303474304991e+00,1.478167381056036902e+03,2.609629099488499193e+00,7.837055167534110606e-03,2.653581867997077026e+01,6.924864460600221605e+01
4.761824246364088770e-02,4.009872194454516120e-02,6.012590165715128027e-02,1.591956528873358812e+00,1.475655709716590991e+03,2.614267800063394098e+00,7.879405733426650058e-03,2.651326453879603662e+01,6.931277375833711574e+01
4.810851029273249813e-02,3.990945860146331847e-02,6.065143296666263006e-02,1.579246105057351857e+00,1.473148121532181676e+03,2.618906500638289003e+00,7.922014281989572110e-03,2.649072790753475459e+01,6.937673952368291452e+01
4.860392134244321399e-02,3.971934422553351218e-02,6.118206992740948119e-02,1.566636278725597631e+00,1.470644618346702146e+03,2.623545201213183908e+00,7.964882247600078846e-03,2.646820884750684399e+01,6.944054230658491633e+01
